sgRNA,label
TCACAGATCGGGTGCTACCAAGG,1
TGGTAGTGCGGCTGGACGGCCGG,0
CCCAAATTCAAGGCGGCCCGTGG,0
CACGCTGTCTGAGATCAAGAGGG,0
ACTGCCAATTGGGAATGCCGAGG,1
ATCCATGATGCTCTCTGCGCAGG,1
GCCCACATCAGGTTGAAGAAAGG,1
TACGCAGGAGTTTCATCGGCAGG,1
CTGTTTCCCATCCTTCCGGGTGG,1
TTAGGACTGACTGTCGGAACTGG,1
TTAGTTCTAGCTGAGGGAGGTGG,1
TTCCTCGGCTGTGACGCCGCTGG,0
CTGGACCACTTCCACAGGGACGG,0
ACCGAACTTGGTGTCTGCAAGGG,0
GAACATCAAACGTCCTCCAGGGG,1
AGTCCACCTACAGTTCCAAAAGG,0
CTAGATATCGGTCCAGGAGCAGG,0
CAGAGAGCGGGATAGAGACCGGG,1
TCGCTCGCCCGCAAGCAAAGAGG,1
GATGGCGAAGTCTCAGACAGAGG,1
TCCGGATGAGATTCATCAGGCGG,1
GCGGATTTGCAGTTCCAGAAAGG,1
GGCACCCAGTCAGCAGAGGCTGG,0
GCTCCAAATAGGTCCTCCAAAGG,1
CTGGCAGACTCATGGCGAGGTGG,1
TCATCATTCGGAAGCAACAGCGG,1
CACTTCCCTCCGAAGGCCCAGGG,0
GCGAAAGCGGCTGCTCAAAGAGG,1
CCATAGGTGGTCTCTAGGACTGG,0
TGGCTCTGGATATCTACGGAGGG,1
CGACAAACTGGGATCCACAGAGG,1
CGTGAAGGGCTACCTGAAGATGG,1
TTGCTTGGTCAGAAGAAGCCAGG,0
CTTACCTTCTGGGCTTGGGCAGG,0
GGCGAAACCCGTGGGACCAGAGG,1
CCTGGACTTCCTGGACGACGAGG,0
TGTTTCCCAGGGACAGCCAAGGG,0
ACAAGGACACGGTCGTGCGGTGG,1
CATCATCGAGAACACCGACCTGG,1
TGTCGGCGAAGAGTTCAACCAGG,1
CTGGTTCACACGGCGCAGGGGGG,1
CAACTCGTGGCTTTGGCACAGGG,1
GGAACTCCTCTCCAGAAGACAGG,0
GGTGATCAGTGCTTACCGCAAGG,1
AAACCAACCGCTCAGGAGGGCGG,0
CTGGTTACCATAGGAGGCAAGGG,0
CCAGAGCCCTTGAGGAACACAGG,1
TCTTAGCGATCTCCACGCCCAGG,1
ATGGATTAGCATGACAGACCTGG,1
GGCGCGTATGATACCTAAAGTGG,1
AGTCACTAGCTACCACACAGGGG,1
TGCGTCTTCGAGTGGTGAGAAGG,1
TTCATGATCAGTCCAAGGAGAGG,1
TCCCACGGGTTTCGCCGAACGGG,0
CGGGCTCCAGCGACAGGAAGCGG,0
ATACAATGATGAAGGCGAGGTGG,1
TGCTGCTCAAGCCGCACCAGAGG,1
ACTCACCGTAAATGGGCCGGAGG,0
GGAGGCGAGATGCTACCAGCCGG,0
CTTCCTTGTCACGCGCAGCATGG,1
TGCTGGGAATAGGAGTACACTGG,1
CTCACGTTCAGTCGTGAACATGG,0
GATATTTCGTGTGCCTACAGTGG,0
TCGGCTTCTTATGCACGGAAAGG,0
CTTTGAAGTAAGGCGACGACAGG,1
CTTCGATCACTCCCGCGACGTGG,1
GAACGCGCACACCAAGACGGTGG,1
CTTGCATCTGTGCCACCGGCTGG,1
TGAATCCAGGTCCTAGCCAATGG,1
AACTGGCCAGCAGCAACCGCAGG,0
GGAAGAGCACCCTGCTGAAGAGG,1
CATGATGGAGTTTGAGCGGCAGG,1
CGTGGAACAATGTCGGCAGCTGG,0
GGGCCATGGCTCCTACGGAGAGG,1
CGTGCACAACATCACCCGCAAGG,1
CGAAGCGGCAGAAGCCGAGGCGG,0
TGCTCTAGATAACCGAACCCTGG,1
GGACCAGATGTTCGACGCCGAGG,1
GGCCCTTGATGTTCTTGACATGG,1
GGAAGAGTTGAGTCAGGCCCTGG,0
ACACGTCGCTGAAGGCGCCGCGG,0
AGATCACATTCTCGATCCAGAGG,1
AAGGAGGCTCTGTTCTCAGAGGG,0
ATCAGCCCGTTCCCGCAGCCGGG,1
ACTGGAACTGCCTCCTACCATGG,1
CAGAGTGGCTCCGCACGCCATGG,1
GCTGGACAATGCCATTGAGAAGG,0
CTACCAAGAATTGGGCCCGCTGG,0
ATGCAGCTCGCCGTTCCAACAGG,0
TGAGGCAATTCGAGTGGAGCTGG,1
ACCTACAATACCTCGCCCACTGG,1
CAGGCAAGCCTATTCTAGAAGGG,0
CCCATAGCTTACCGAAAGAGTGG,1
GCTCACCTATCTGTGTCAAGTGG,0
CGCCTTCTAAGATGATCGCCCGG,1
CGAGTTGTAGGCGCGAGACACGG,1
ATACCGCCAGCGCTATGGAGTGG,1
ACGATGCTGAGTATTCCACGTGG,1
GAACCGGAATGCTCGACGGAAGG,1
ACTACCATGCCGCTCTACGAGGG,1
TAATCCTCCGTCTCGTCCACAGG,1
CACTCTTTGCTCTGATAGGCTGG,0
TCTATGTGGTCACCGCCGAGGGG,1
GCTGGACTGCAACCGGGAAAGGG,1
AAACGTCTGCACGCAAACCACGG,0
TGCCGACGTGAGGGATCCAAAGG,0
CCATACACGTTCTCCCACCCTGG,1
CCAAGGGTTAACAAGGCCCAAGG,1
GCATACTGACTATTTGCCAGGGG,1
ACGTGACATGGGTTGGAAGATGG,0
AGAAGGACACAGCTCAACAGTGG,1
TGTGAGGCTTCCTGTCCGGCTGG,0
TCGACTTGTACACCGAAGAACGG,1
CCATCAGACTGTGAACCAGCTGG,0
TTGTAGCCGAGTTAGCAGCGGGG,1
CTCGTTCTAGCTGCGGCCGCAGG,0
GAGGATTACTTCATGCGCAATGG,1
CCCGAGACGTACCCTCCACCTGG,0
TCATGCGGTTCTGTTTCAGCTGG,0
TGTTGCTCGTGCCATCACGAGGG,0
GGATCAACTCTTGGCGAGGGTGG,1
TGAACCAGCAGCGTTCAAGGAGG,1
GCATGCGCCTCTGGAAGCGGCGG,1
TCCACCAATGATGGAGGAGCCGG,1
GGCCCAGGTTGAGATAGAGGCGG,1
AACCATGAAGCTTGCTACGATGG,0
TCCTCGCGTCACAGCCGGGATGG,0
CACCGTCTGGTCCAGTGAGGAGG,1
ATCCCGCATGCTGGTGGCAATGG,0
CAACAATGCTGTGATCGAGAAGG,0
GCTCCAAGAGTGAGGTAGACGGG,0
CTATGGACATTCATTTGCGGTGG,1
CAGGAACGCTTTGTGGCCCATGG,1
TACCTGGGATCTTCTCAGGAAGG,0
ACTATCTAGGTCCCAGCCCAGGG,1
GAGGTCTCTAAGAAAGAGGGTGG,1
TTTAAAGTGGCCTGAGCACCTGG,0
TTGACGGCTCCGTTCGGGCAAGG,1
GCGGCGGAGAAAGCAGGAACGGG,0
CCAGTATTACCTCAACGAGCAGG,0
CCTCGATCCTTGGTCAGCGGGGG,1
CTCGTCACTAATGCTCAGAATGG,0
TCTCTGAGAGTCCTAAGACATGG,1
CCTCCTGCTTTACCAAACACAGG,1
CAACATACAGTGGAACGCAAGGG,1
GCGCTCACCGCTGAAGACCATGG,1
AGAGTCGGCGTTCACTGCGATGG,1
GCCAGGAATATGTCATACCAGGG,1
GACATTCACCCAGCATCAAGGGG,1
CATGAGATAACGCTGAAGCATGG,1
AAATCCTGGCGGCGAAGCCCTGG,1
GAAGGCGATTGACCGAGGCCTGG,0
GACCCGAGGAATTCTCCACCAGG,1
AGAAACTGCACCTTATCACCCGG,1
GCAGAGATTGAACGTGAGCGTGG,1
ATCTGATGGAGTCCTTCCCGAGG,1
TGTCAACTACTTCCTAGACCAGG,1
CGCCATCAGATGGAGACAAAAGG,0
TGGACGATACTCACTCCGGCGGG,1
AAAGGTGCCCAAGTCGGCACTGG,1
ACGATGAGCTCAATCGGCACTGG,1
CATGATATGACTGACCGCCATGG,1
GCCGAAGAGCGCCTTCCACACGG,1
AACCATTCCGCACTGCAGCATGG,1
GGCCGACTTACCTTCAGACACGG,1
AGAAGATGGCGCTCACCAGGTGG,1
GGGCTGCCACGGACCTGAAATGG,0
TGGAGGAGGTATGCCTGGACTGG,0
GCCTGCTGGTAATAGAAACCAGG,1
CGATGAGTCTTCAGATGAAGAGG,0
CAGCTTGGCAGCGTGGCCACAGG,0
CAGACCATGTGGTAAGCACGGGG,1
GGTAATACCCAATGCCACGAAGG,1
CCACCAGAGGCGAAGCGGAAAGG,0
TCGGAAATAAGCCTCTGACATGG,1
GCTGGGAACCTTCACTACCCTGG,1
TGCGGAAGGCCTCTCTGGCCAGG,0
TCCTCGATCCTTGGTCAGCGGGG,1
TGTCGCACGGCACAGACACATGG,0
CTAGGAGGGTATACAAGGAAAGG,1
AGAGCTCTTCGACCGTGGCACGG,1
AATTACTGCGCGACCTCCCATGG,1
GATGTCAGACCCTAAGAAGAAGG,0
CTGCGATTCGGTCCCAACGGAGG,1
TTTCTACTCTCTTGACAGCCTGG,0
CGAGGTGGGCAGCCACGAGAAGG,1
CCAGTTCCTCGCGATCCGGCGGG,1
ACGACTTCTTCATCTCCCGCTGG,1
GGAGTTCAAAGCCCACGAAGGGG,1
ATGCGAAGATGCTCGCCAAGAGG,0
TGTGTGCCGGTGCCTGCAGAGGG,1
ACATGTTGTTGAAGCGGAACAGG,0
CATCTCGTACTCGAGGGAGCAGG,1
AGGATGTACTGCTTCAGGAGTGG,1
GCAATTAAAGTCCATTCCGCAGG,1
GGTTGCACTTCCTGCAGAAGAGG,0
TCATCGAGACGGTGTACCGCGGG,1
CATCGTGGATGGACACAGCGTGG,1
CCTGATAGGCGCCTTTCCCGCGG,1
TGGTGTCTGAGTGCTCCGCGCGG,0
